WORLD\CONCRETE\CONCRETE_WALL_DIRTY_02_WET_BM -> world/concrete/concrete_wall_dirty_02
world\s2s\s2s_wall_trim_01_vc -> world/s2s/s2s_wall_trim_01
world\metal\s2s_metal_trims_02_vc_dirty_bm -> world/s2s/s2s_metal_trims_02_vc
world\mud\canyonlands_crater_mud_02_to_sand_desert_02_reverse_wld -> world/sand/sand_desert_02_wld
world\water\canyonlands_river_water_foam_dirty_01 -> world/sand/sand_desert_02_wld
world\beacon\padded_panel_construction_01_vc -> world/beacon/padded_panel_construction_01
world\ola\sewers_wall_01 -> world/ola/sewers_wall_01
models\mendoko\interior\padded_panel_mendoko_02\padded_panel_mendoko_02 -> world/beacon/padded_panel_construction_01
world\mcor\mcor_floor_panel_02 -> world/mcor/mcor_floor_panel_01
world\decal\cement_stripes_decals_vert -> world/decal/cement_stripes_decals
world\concrete\concrete_floor_01_bright_grey_bm_vc -> world/concrete/concrete_floor_01_bm
models\world\dev\dev_gray_512 -> world/dev/dev_gray_512
world\concrete\dam_concrete_02_grey_wet_vc_bm -> world/concrete/dam_concrete_02_gray
models\utilities\wire_ceiling_mounts -> models/utilities/wire_ceiling_mounts
world\metal\imc_painted_metal_01 -> world/metal/metal_black_paint
world\beacon\beacon_metal_panel_grey_03\beacon_metal_panel_grey_03_lighter_vc -> world/beacon/beacon_metal_panel_grey_01/beacon_metal_panel_grey_01
world\s2s\s2s_metal_trims_clean_02_vc -> world/s2s/s2s_metal_trims_02_vc
world\s2s\s2s_wall_trim_clean_01_vc -> world/s2s/s2s_wall_trim_clean_01
world\metal\research_station\research_station_painted_metal_01_vc -> world/metal/imc_painted_metal_vert_color_01
world\walls\olympus_lab_trim_01 -> world/mcor/mcor_floor_trim_01
world\metal\s2s_elevator_trim_01_to_rust_bm -> world/mcor/mcor_floor_trim_01
world\dev\dev_white_512_v_color -> world/dev/dev_gray_512
world\sleek_city\sleek_city_white_wall_01 -> world/concrete/concrete_wall_base_01
models\beacon\exposed_conduit_01 -> world/metal/metal_black_paint
world\ola\sewers_wall_01_wet_01_bm -> world/ola/sewers_wall_01
world\mud\homestead_mud_02_to_canyonlands_crater_mud_02_bm -> world/sand/sand_desert_02_wld
WORLD\DEV\DEV_RED_512 -> world/cloth/rope_old